
----------------------------EKLEMELER---------------------------------

---- Ürün Tablosu Eklemeleri

INSERT INTO Products (ProductID, ProductName, Price, StockQuantity)
VALUES
(1, 'Bilgisayar', 3000.00, 50),
(2, 'Televizyon', 2500.00, 30),
(3, 'Telefon', 1500.00, 100),
(4, 'Buzdolabi', 2000.00, 40),
(5, 'Çamasir Makinesi', 1800.00, 35),
(6, 'Firin', 1200.00, 20),
(7, 'Mikrodalga Firin', 800.00, 25),
(8, 'Ütü', 150.00, 60),
(9, 'Elektrikli Süpürge', 300.00, 45),
(10, 'Masa', 500.00, 15),
(11, 'Sandalye', 150.00, 30),
(12, 'Yatak', 1000.00, 10),
(13, 'Hali', 200.00, 50),
(14, 'Perde', 100.00, 70),
(15, 'Ayakkabi', 80.00, 200),
(16, 'Gömlek', 50.00, 150),
(17, 'Pantolon', 60.00, 120),
(18, 'Cep Telefonu Kilifi', 20.00, 300),
(19, 'Kulaklik', 30.00, 250),
(20, 'Oyun Konsolu', 1200.00, 15),
(21, 'Saat', 100.00, 80),
(22, 'Süpermarket Alisverisi', 150.00, 100),
(23, 'Kahve Makinesi', 250.00, 25),
(24, 'Su Isitici', 70.00, 40),
(25, 'Oto Lastik', 200.00, 50),
(26, 'Bisiklet', 350.00, 10),
(27, 'Fitness Aletleri Seti', 500.00, 8),
(28, 'Gitar', 300.00, 12),
(29, 'Dizüstü Bilgisayar', 2500.00, 20),
(30, 'Kamera', 800.00, 15),
(31, 'Oyun Mouse', 60.00, 30),
(32, 'Klavye', 80.00, 25),
(33, 'Köpek Mamasi', 40.00, 100),
(34, 'Kedi Kum', 25.00, 80),
(35, 'Balik Tanki', 120.00, 10),
(36, 'Oyun Puzzle', 15.00, 50),
(37, 'Yüzme Havuzu', 200.00, 5),
(38, 'Bahçe Makasi', 30.00, 40),
(39, 'Cep Telefonu Sarj Cihazi', 15.00, 60),
(40, 'Futbol Topu', 40.00, 20),
(41, 'Sörf Tahtasi', 300.00, 8),
(42, 'Kamp Çadiri', 150.00, 12),
(43, 'Dondurma Makinesi', 80.00, 15),
(44, 'Akilli Termostat', 120.00, 25),
(45, 'Ses Sistemi', 500.00, 10),
(46, 'Gözlük', 25.00, 100),
(47, 'Semsiye', 15.00, 50),
(48, 'Oyun Koltugu', 200.00, 15),
(49, 'Günes Kremi', 10.00, 120),
(50, 'Çocuk Oyuncaklari Seti', 80.00, 30),
(51, 'Kahve Makinesi', 250.00, 20),
(52, 'Cep Telefonu Sarj Cihazi', 15.00, 50),
(53, 'Bluetooth Kulaklik', 60.00, 30),
(54, 'Akilli Termostat', 120.00, 25),
(55, 'Ses Sistemi', 500.00, 10),
(56, 'Gözlük', 25.00, 100),
(57, 'Semsiye', 15.00, 50),
(58, 'Oyun Koltugu', 200.00, 15),
(59, 'Günes Kremi', 10.00, 120),
(60, 'Çocuk Oyuncaklari Seti', 80.00, 30),
(61, 'Ev Temizlik Seti', 50.00, 40),
(62, 'Mutfak Robotu', 180.00, 15),
(63, 'Giyim Ürünleri Seti', 120.00, 25),
(64, 'Bebek Arabasi', 350.00, 10),
(65, 'Oto Bakim Kiti', 70.00, 25),
(66, 'Oyun Puzzle', 15.00, 50),
(67, 'Yüzme Havuzu', 200.00, 5),
(68, 'Bahçe Makasi', 30.00, 40),
(69, 'Temizlik Robotu', 250.00, 12),
(70, 'Oyun Mouse', 60.00, 30),
(71, 'Yastik', 20.00, 100),
(72, 'Süs Bitkisi', 35.00, 40),
(73, 'Bisiklet', 350.00, 10),
(74, 'Kamp Çadiri', 150.00, 12),
(75, 'Dondurma Makinesi', 80.00, 15),
(76, 'Bebek Besigi', 120.00, 20),
(77, 'Bulasik Makinesi', 800.00, 10),
(78, 'Elektrikli Scooter', 500.00, 8),
(79, 'Oyun Konsolu', 1200.00, 15),
(80, 'Gitar', 300.00, 12),
(81, 'Kislik Mont', 250.00, 20),
(82, 'Saç Kurutma Makinesi', 80.00, 30),
(83, 'Deri Cüzdan', 120.00, 25),
(84, 'Ev Terligi', 15.00, 100),
(85, 'Yazlik Sort', 60.00, 50),
(86, 'Günes Gözlügü', 50.00, 70),
(87, 'Çeyiz Seti', 300.00, 15),
(88, 'Spor Ayakkabi', 150.00, 40),
(89, 'Su Geçirmez Saat', 180.00, 25),
(90, 'Çocuk Oyuncaklari Seti', 80.00, 30),
(91, 'Oto Yag Degisim Kiti', 120.00, 15),
(92, 'Ofis Koltugu', 350.00, 10),
(93, 'Bluetooth Hoparlör', 100.00, 25),
(94, 'Denizci Sapka', 20.00, 50),
(95, 'Kislik Eldiven', 30.00, 80),
(96, 'Elektrikli Dis Firçasi', 50.00, 40),
(97, 'Ses Yalitimi Seti', 200.00, 10),
(98, 'Elbise Askisi', 10.00, 120),
(99, 'Günes Kremi', 15.00, 150),
(100, 'Ev Yorgani', 70.00, 20),
(101, 'Makyaj Firça Seti', 40.00, 30),
(102, 'Akilli Banyo Terazisi', 120.00, 10),
(103, 'Oyun Puzzle', 15.00, 50),
(104, 'Çocuk Oyuncak Araba', 25.00, 80),
(105, 'Plaj Havlusu', 30.00, 40),
(106, 'Bisiklet', 350.00, 10),
(107, 'Kamp Çadiri', 150.00, 12),
(108, 'Dondurma Makinesi', 80.00, 15),
(109, 'Bebek Besigi', 120.00, 20),
(110, 'Bulasik Makinesi', 800.00, 10),
(111, 'Elektrikli Süpürge', 350.00, 15),
(112, 'Bebek Bezi Paketi', 80.00, 50),
(113, 'Oyun Konsolu', 1200.00, 25),
(114, 'Akilli Telefon', 2000.00, 30),
(115, 'Ev Güvenlik Kamerasi', 150.00, 40),
(116, 'Tasinabilir Harici Hard Disk', 250.00, 20),
(117, 'Çocuk Ayakkabisi', 50.00, 60),
(118, 'Oyun Puzzle', 15.00, 100),
(119, 'Kadin Elbise', 120.00, 25),
(120, 'Erkek Gömlek', 80.00, 35),
(121, 'Oyun Mouse', 60.00, 30),
(122, 'Çay Seti', 40.00, 15),
(123, 'Bisiklet Kaski', 30.00, 25),
(124, 'Gitar Akort Aleti', 20.00, 50),
(125, 'Yüzme Gözlügü', 15.00, 70),
(126, 'Kamp Tüpü', 25.00, 40),
(127, 'Bebek Arabasi', 350.00, 10),
(128, 'Sporcu Besin Takviyeleri Seti', 120.00, 15),
(129, 'Ev Temizlik Robotu', 250.00, 12),
(130, 'Saç Kurutma Makinesi', 80.00, 30),
(131, 'Bisiklet Kaski', 40.00, 15),
(132, 'Su Isitici', 70.00, 25),
(133, 'Mutfak Robotu', 180.00, 20),
(134, 'Bebek Arabasi', 350.00, 10),
(135, 'Oyun Koltugu', 200.00, 15),
(136, 'Günes Kremi', 10.00, 30),
(137, 'Çocuk Oyuncaklari Seti', 80.00, 25),
(138, 'Ev Terlikleri', 25.00, 40),
(139, 'Kislik Eldiven', 30.00, 20),
(140, 'Kahve Makinesi', 250.00, 15),
(141, 'Cep Telefonu Sarj Cihazi', 15.00, 50),
(142, 'Bluetooth Kulaklik', 60.00, 30),
(143, 'Akilli Termostat', 120.00, 25),
(144, 'Ses Sistemi', 500.00, 10),
(145, 'Gözlük', 25.00, 100),
(146, 'Semsiye', 15.00, 50),
(147, 'Oyun Koltugu', 200.00, 15),
(148, 'Günes Kremi', 10.00, 120),
(149, 'Çocuk Oyuncaklari Seti', 80.00, 30),
(150, 'Ev Temizlik Seti', 50.00, 40),
(151, 'Mutfak Robotu', 180.00, 15),
(152, 'Giyim Ürünleri Seti', 120.00, 25),
(153, 'Bebek Arabasi', 350.00, 10),
(154, 'Oto Bakim Kiti', 70.00, 25),
(155, 'Oyun Puzzle', 15.00, 50),
(156, 'Yüzme Havuzu', 200.00, 5),
(157, 'Bahçe Makasi', 30.00, 40),
(158, 'Temizlik Robotu', 250.00, 12),
(159, 'Oyun Mouse', 60.00, 30),
(160, 'Yastik', 20.00, 100),
(161, 'Süs Bitkisi', 35.00, 40),
(162, 'Bisiklet', 350.00, 10),
(163, 'Kamp Çadiri', 150.00, 12),
(164, 'Dondurma Makinesi', 80.00, 15),
(165, 'Bebek Besigi', 120.00, 20),
(166, 'Bulasik Makinesi', 800.00, 10),
(167, 'Elektrikli Scooter', 500.00, 8),
(168, 'Oyun Konsolu', 1200.00, 15),
(169, 'Gitar', 300.00, 12),
(170, 'Kamera', 800.00, 15),
(171, 'Akıllı TV', 3000.00, 10),
(172, 'Elektrikli Diş Fırçası', 100.00, 25),
(173, 'Çamaşır Makinesi', 2000.00, 15),
(174, 'Oyun Konsolu', 1500.00, 20),
(175, 'Beyaz Tişört', 40.00, 50),
(176, 'Kadın Cüzdan', 60.00, 30),
(177, 'Kışlık Mont', 250.00, 15),
(178, 'Oyun Mouse', 80.00, 40),
(179, 'Ev Terliği', 20.00, 60),
(180, 'Kahve Makinesi', 150.00, 25),
(181, 'Bluetooth Hoparlör', 80.00, 30),
(182, 'Oyun Puzzle', 15.00, 50),
(183, 'Cep Telefonu Kılıfı', 30.00, 20),
(184, 'Kışlık Eldiven', 25.00, 35),
(185, 'Çocuk Ayakkabısı', 50.00, 40),
(186, 'Makyaj Seti', 120.00, 15),
(187, 'Yüzme Havuzu', 200.00, 10),
(188, 'Güneş Gözlüğü', 50.00, 25),
(189, 'Elektrikli Süpürge', 350.00, 12),
(190, 'Akıllı Banyo Terazisi', 120.00, 8),
(191, 'Spor Ayakkabı', 150.00, 20),
(192, 'Bebek Beşiği', 300.00, 5),
(193, 'Oyun Puzzle', 15.00, 50),
(194, 'Elektrikli Scooter', 500.00, 8),
(195, 'Ev Temizlik Seti', 70.00, 15),
(196, 'Bisiklet Kaskı', 30.00, 25),
(197, 'Kamp Çadırı', 150.00, 12),
(198, 'Dondurma Makinesi', 80.00, 15),
(199, 'Bebek Arabası', 200.00, 10),
(200, 'Oyun Koltuğu', 300.00, 8);







---- Müsteri Tablosu Eklemeleri


INSERT INTO Customers (CustomerID, FirstName, LastName, Email, Address)
VALUES
(1, 'Ahmet', 'Yılmaz', 'ahmet.yilmaz@example.com', 'Istanbul, Turkey'),
(2, 'Ayşe', 'Demir', 'ayse.demir@example.com', 'Ankara, Turkey'),
(3, 'Mehmet', 'Kara', 'mehmet.kara@example.com', 'Izmir, Turkey'),
(4, 'Fatma', 'Yıldız', 'fatma.yildiz@example.com', 'Bursa, Turkey'),
(5, 'Mustafa', 'Çelik', 'mustafa.celik@example.com', 'Adana, Turkey'),
(6, 'Zeynep', 'Öztürk', 'zeynep.ozturk@example.com', 'Antalya, Turkey'),
(7, 'Ali', 'Aksoy', 'ali.aksoy@example.com', 'Trabzon, Turkey'),
(8, 'Selin', 'Özkan', 'selin.ozkan@example.com', 'Eskisehir, Turkey'),
(9, 'Efe', 'Yılmaz', 'efe.yilmaz@example.com', 'Diyarbakir, Turkey'),
(10, 'İrem', 'Kaya', 'irem.kaya@example.com', 'Konya, Turkey'),
(11, 'Kaan', 'Aydın', 'kaan.aydin@example.com', 'Gaziantep, Turkey'),
(12, 'Ceren', 'Turan', 'ceren.turan@example.com', 'Mersin, Turkey'),
(13, 'Emre', 'Özdemir', 'emre.ozdemir@example.com', 'Isparta, Turkey'),
(14, 'Esra', 'Yılmaz', 'esra.yilmaz@example.com', 'Malatya, Turkey'),
(15, 'Umut', 'Koç', 'umut.koc@example.com', 'Samsun, Turkey'),
(16, 'Gizem', 'Arslan', 'gizem.arslan@example.com', 'Kayseri, Turkey'),
(17, 'Murat', 'Güzel', 'murat.guzel@example.com', 'Erzurum, Turkey'),
(18, 'Deniz', 'Şahin', 'deniz.sahin@example.com', 'Van, Turkey'),
(19, 'Ece', 'Acar', 'ece.acar@example.com', 'Balikesir, Turkey'),
(20, 'Ozan', 'Güler', 'ozan.guler@example.com', 'Sivas, Turkey'),
(21, 'Ahmet', 'Yılmaz', 'ahmet.yilmaz@example.com', 'İstanbul, Türkiye'),
(22, 'Elif', 'Demir', 'elif.demir@example.com', 'Ankara, Türkiye'),
(23, 'Mehmet', 'Kaya', 'mehmet.kaya@example.com', 'İzmir, Türkiye'),
(24, 'Ayşe', 'Can', 'ayse.can@example.com', 'Bursa, Türkiye'),
(25, 'Mustafa', 'Arslan', 'mustafa.arslan@example.com', 'Antalya, Türkiye'),
(26, 'Zeynep', 'Türk', 'zeynep.turk@example.com', 'Adana, Türkiye'),
(27, 'Ali', 'Koç', 'ali.koc@example.com', 'Trabzon, Türkiye'),
(28, 'Fatma', 'Tekin', 'fatma.tekin@example.com', 'Samsun, Türkiye'),
(29, 'Ahmet', 'Yıldız', 'ahmet.yildiz@example.com', 'Eskişehir, Türkiye'),
(30, 'Hatice', 'Öztürk', 'hatice.ozturk@example.com', 'Diyarbakır, Türkiye'),
(31, 'Selin', 'Özdemir', 'selin.ozdemir@example.com', 'İzmir, Türkiye'),
(32, 'Hüseyin', 'Aydın', 'huseyin.aydin@example.com', 'Ankara, Türkiye'),
(33, 'Büşra', 'Güneş', 'busra.gunes@example.com', 'Antalya, Türkiye'),
(34, 'Ercan', 'Şahin', 'ercan.sahin@example.com', 'Adana, Türkiye'),
(35, 'Gamze', 'Kurt', 'gamze.kurt@example.com', 'Bursa, Türkiye'),
(36, 'Oğuz', 'Doğan', 'oguz.dogan@example.com', 'Trabzon, Türkiye'),
(37, 'Sevil', 'Acar', 'sevil.acar@example.com', 'Samsun, Türkiye'),
(38, 'Tolga', 'Bulut', 'tolga.bulut@example.com', 'İstanbul, Türkiye'),
(39, 'Cemre', 'Yıldırım', 'cemre.yildirim@example.com', 'Eskişehir, Türkiye'),
(40, 'Kaan', 'Şimşek', 'kaan.simsek@example.com', 'Diyarbakır, Türkiye'),
(41, 'Zehra', 'Kaya', 'zehra.kaya@example.com', 'İstanbul, Türkiye'),
(42, 'Can', 'Yılmaz', 'can.yilmaz@example.com', 'Ankara, Türkiye'),
(43, 'Aysu', 'Aydın', 'aysu.aydin@example.com', 'İzmir, Türkiye'),
(44, 'Berat', 'Çetin', 'berat.cetin@example.com', 'Bursa, Türkiye'),
(45, 'Sude', 'Demir', 'sude.demir@example.com', 'Antalya, Türkiye'),
(46, 'Okan', 'Şahin', 'okan.sahin@example.com', 'Adana, Türkiye'),
(47, 'Elif', 'Güneş', 'elif.gunes@example.com', 'Trabzon, Türkiye'),
(48, 'Caner', 'Acar', 'caner.acar@example.com', 'Samsun, Türkiye'),
(49, 'Ece', 'Bulut', 'ece.bulut@example.com', 'İstanbul, Türkiye'),
(50, 'Berk', 'Yıldırım', 'berk.yildirim@example.com', 'Eskişehir, Türkiye'),
(51, 'Nazlı', 'Kurtuluş', 'nazli.kurtulus@example.com', 'İzmir, Türkiye'),
(52, 'Yusuf', 'Yıldız', 'yusuf.yildiz@example.com', 'Ankara, Türkiye'),
(53, 'Bilge', 'Demir', 'bilge.demir@example.com', 'Bursa, Türkiye'),
(54, 'Emir', 'Koç', 'emir.koc@example.com', 'Adana, Türkiye'),
(55, 'Deniz', 'Aydın', 'deniz.aydin@example.com', 'Antalya, Türkiye'),
(56, 'Aslı', 'Şimşek', 'asli.simsek@example.com', 'Trabzon, Türkiye'),
(57, 'Arda', 'Kaya', 'arda.kaya@example.com', 'Samsun, Türkiye'),
(58, 'Ezgi', 'Bulut', 'ezgi.bulut@example.com', 'İstanbul, Türkiye'),
(59, 'Burak', 'Güneş', 'burak.gunes@example.com', 'Eskişehir, Türkiye'),
(60, 'Zara', 'Yılmaz', 'zara.yilmaz@example.com', 'Diyarbakır, Türkiye'),
(61, 'Merve', 'Güzel', 'merve.guzel@example.com', 'İstanbul, Türkiye'),
(62, 'Kerem', 'Ergin', 'kerem.ergin@example.com', 'Ankara, Türkiye'),
(63, 'Selin', 'Kurtuluş', 'selin.kurtulus@example.com', 'İzmir, Türkiye'),
(64, 'Emre', 'Yıldız', 'emre.yildiz@example.com', 'Bursa, Türkiye'),
(65, 'Sude', 'Demir', 'sude.demir@example.com', 'Antalya, Türkiye'),
(66, 'Ege', 'Şahin', 'ege.sahin@example.com', 'Adana, Türkiye'),
(67, 'Zeynep', 'Güneş', 'zeynep.gunes@example.com', 'Trabzon, Türkiye'),
(68, 'Cem', 'Acar', 'cem.acar@example.com', 'Samsun, Türkiye'),
(69, 'Aslı', 'Bulut', 'asli.bulut@example.com', 'İstanbul, Türkiye'),
(70, 'Baran', 'Yıldırım', 'baran.yildirim@example.com', 'Eskişehir, Türkiye');


---- Siparis Tablosu Eklemeleri

INSERT INTO Orders (OrderID, CustomerID, OrderDate)
VALUES
(1, 1, '2024-01-26'),
(2, 3, '2024-01-27'),
(3, 5, '2024-01-28'),
(4, 7, '2024-01-29'),
(5, 9, '2024-01-30'),
(6, 11, '2024-01-31'),
(7, 13, '2024-02-01'),
(8, 15, '2024-02-02'),
(9, 17, '2024-02-03'),
(10, 19, '2024-02-04'),
(11, 2, '2024-02-05'),
(12, 4, '2024-02-06'),
(13, 6, '2024-02-07'),
(14, 8, '2024-02-08'),
(15, 10, '2024-02-09'),
(16, 12, '2024-02-10'),
(17, 14, '2024-02-11'),
(18, 16, '2024-02-12'),
(19, 18, '2024-02-13'),
(20, 20, '2024-02-14'),
(21, 21, '2024-02-01'),
(22, 22, '2024-02-02'),
(23, 23, '2024-02-03'),
(24, 24, '2024-02-04'),
(25, 25, '2024-02-05'),
(26, 26, '2024-02-06'),
(27, 27, '2024-02-07'),
(28, 28, '2024-02-08'),
(29, 29, '2024-02-09'),
(30, 30, '2024-02-10'),
(31, 31, '2024-03-01'),
(32, 32, '2024-03-02'),
(33, 33, '2024-03-03'),
(34, 34, '2024-03-04'),
(35, 35, '2024-03-05'),
(36, 36, '2024-03-06'),
(37, 37, '2024-03-07'),
(38, 38, '2024-03-08'),
(39, 39, '2024-03-09'),
(40, 40, '2024-03-10'),
(41, 41, '2024-04-01'),
(42, 42, '2024-04-02'),
(43, 43, '2024-04-03'),
(44, 44, '2024-04-04'),
(45, 45, '2024-04-05'),
(46, 46, '2024-04-06'),
(47, 47, '2024-04-07'),
(48, 48, '2024-04-08'),
(49, 49, '2024-04-09'),
(50, 50, '2024-04-10'),
(51, 51, '2024-05-01'),
(52, 52, '2024-05-02'),
(53, 53, '2024-05-03'),
(54, 54, '2024-05-04'),
(55, 55, '2024-05-05'),
(56, 56, '2024-05-06'),
(57, 57, '2024-05-07'),
(58, 58, '2024-05-08'),
(59, 59, '2024-05-09'),
(60, 60, '2024-05-10');






-----Siparis Detaylari Tablosu Eklemeleri

INSERT INTO OrderDetails (OrderDetailID, OrderID, ProductID, Quantity, TotalPrice)
VALUES
(1, 1, 5, 2, 3600.00),
(2, 1, 12, 1, 1000.00),
(3, 2, 2, 3, 7500.00),
(4, 2, 8, 2, 300.00),
(5, 3, 15, 1, 80.00),
(6, 3, 30, 2, 1600.00),
(7, 4, 7, 1, 800.00),
(8, 4, 20, 4, 4800.00),
(9, 5, 17, 2, 120.00),
(10, 5, 39, 1, 15.00),
(11, 6, 23, 3, 750.00),
(12, 6, 45, 1, 120.00),
(13, 7, 3, 2, 3000.00),
(14, 7, 18, 5, 100.00),
(15, 8, 1, 1, 3000.00),
(16, 8, 29, 1, 2500.00),
(17, 9, 11, 4, 600.00),
(18, 9, 36, 2, 30.00),
(19, 10, 9, 1, 300.00),
(20, 10, 26, 1, 350.00),
(21, 121, 81, 2, 250.00),
(22, 122, 82, 1, 80.00),
(23, 123, 83, 3, 120.00),
(24, 124, 84, 5, 15.00),
(25, 125, 85, 2, 60.00),
(26, 126, 86, 4, 50.00),
(27, 127, 87, 1, 300.00),
(28, 128, 88, 3, 150.00),
(29, 129, 89, 2, 180.00),
(20, 130, 90, 1, 80.00),
(21, 131, 91, 2, 120.00),
(22, 132, 92, 1, 350.00),
(23, 133, 93, 3, 100.00),
(24, 134, 94, 4, 20.00),
(25, 135, 95, 2, 30.00),
(26, 136, 96, 1, 50.00),
(27, 137, 97, 2, 200.00),
(28, 138, 98, 5, 10.00),
(29, 139, 99, 3, 15.00),
(20, 140, 100, 1, 70.00),
(21, 141, 101, 2, 40.00),
(22, 142, 102, 1, 120.00),
(23, 143, 103, 4, 15.00),
(24, 144, 104, 3, 25.00),
(25, 145, 105, 2, 30.00),
(26, 146, 106, 1, 350.00),
(27, 147, 107, 2, 150.00),
(28, 148, 108, 1, 80.00),
(29, 149, 109, 3, 120.00),
(20, 150, 110, 2, 800.00);










